File Name,Predicted Class
1.jpg,Class_slope streak
10.jpg,Class_crater
100.jpg,Class_other
1000.jpg,Class_other
1001.jpg,Class_other
1002.jpg,Class_other
1003.jpg,Class_other
1004.jpg,Class_other
1005.jpg,Class_other
1006.jpg,Class_slope streak
1007.jpg,Class_slope streak
1008.jpg,Class_other
1009.jpg,Class_crater
101.jpg,Class_other
1010.jpg,Class_crater
1011.jpg,Class_other
1012.jpg,Class_other
1013.jpg,Class_other
1014.jpg,Class_crater
1015.jpg,Class_other
1016.jpg,Class_crater
1017.jpg,Class_other
1018.jpg,Class_crater
1019.jpg,Class_other
102.jpg,Class_other
1020.jpg,Class_crater
1021.jpg,Class_other
1022.jpg,Class_other
1023.jpg,Class_other
1024.jpg,Class_bright dune
1025.jpg,Class_crater
1026.jpg,Class_crater
1027.jpg,Class_other
1028.jpg,Class_other
1029.jpg,Class_bright dune
103.jpg,Class_crater
1030.jpg,Class_bright dune
1031.jpg,Class_other
1032.jpg,Class_other
1033.jpg,Class_slope streak
1034.jpg,Class_other
1035.jpg,Class_other
1036.jpg,Class_other
1037.jpg,Class_other
1038.jpg,Class_other
1039.jpg,Class_swiss cheese
104.jpg,Class_other
1040.jpg,Class_slope streak
1041.jpg,Class_crater
1042.jpg,Class_other
1043.jpg,Class_other
1044.jpg,Class_bright dune
1045.jpg,Class_other
1046.jpg,Class_crater
1047.jpg,Class_swiss cheese
1048.jpg,Class_other
1049.jpg,Class_crater
105.jpg,Class_crater
1050.jpg,Class_bright dune
1051.jpg,Class_dark dune
1052.jpg,Class_crater
1053.jpg,Class_slope streak
1054.jpg,Class_bright dune
1055.jpg,Class_bright dune
1056.jpg,Class_other
1057.jpg,Class_other
1058.jpg,Class_other
1059.jpg,Class_bright dune
106.jpg,Class_other
1060.jpg,Class_other
1061.jpg,Class_bright dune
1062.jpg,Class_other
1063.jpg,Class_crater
1064.jpg,Class_crater
1065.jpg,Class_bright dune
1066.jpg,Class_other
1067.jpg,Class_bright dune
1068.jpg,Class_other
1069.jpg,Class_slope streak
107.jpg,Class_bright dune
1070.jpg,Class_other
1071.jpg,Class_other
1072.jpg,Class_crater
1073.jpg,Class_dark dune
1074.jpg,Class_other
1075.jpg,Class_other
1076.jpg,Class_crater
1077.jpg,Class_swiss cheese
1078.jpg,Class_bright dune
1079.jpg,Class_swiss cheese
108.jpg,Class_other
1080.jpg,Class_other
1081.jpg,Class_slope streak
1082.jpg,Class_other
1083.jpg,Class_crater
1084.jpg,Class_other
1085.jpg,Class_other
1086.jpg,Class_other
1087.jpg,Class_other
1088.jpg,Class_other
1089.jpg,Class_other
109.jpg,Class_other
1090.jpg,Class_other
1091.jpg,Class_other
1092.jpg,Class_other
1093.jpg,Class_other
1094.jpg,Class_slope streak
1095.jpg,Class_other
1096.jpg,Class_other
1097.jpg,Class_crater
1098.jpg,Class_other
1099.jpg,Class_other
11.jpg,Class_crater
110.jpg,Class_crater
1100.jpg,Class_crater
1101.jpg,Class_other
1102.jpg,Class_other
1103.jpg,Class_dark dune
1104.jpg,Class_other
1105.jpg,Class_other
1106.jpg,Class_other
1107.jpg,Class_other
1108.jpg,Class_other
1109.jpg,Class_other
111.jpg,Class_bright dune
1110.jpg,Class_other
1111.jpg,Class_other
1112.jpg,Class_crater
1113.jpg,Class_bright dune
1114.jpg,Class_other
1115.jpg,Class_spider
1116.jpg,Class_other
1117.jpg,Class_other
1118.jpg,Class_crater
1119.jpg,Class_other
112.jpg,Class_other
1120.jpg,Class_other
1121.jpg,Class_other
1122.jpg,Class_other
1123.jpg,Class_other
1124.jpg,Class_other
1125.jpg,Class_swiss cheese
1126.jpg,Class_other
1127.jpg,Class_other
1128.jpg,Class_crater
1129.jpg,Class_other
113.jpg,Class_dark dune
1130.jpg,Class_other
1131.jpg,Class_bright dune
1132.jpg,Class_other
1133.jpg,Class_crater
1134.jpg,Class_other
1135.jpg,Class_crater
1136.jpg,Class_bright dune
1137.jpg,Class_other
1138.jpg,Class_other
1139.jpg,Class_crater
114.jpg,Class_other
1140.jpg,Class_swiss cheese
1141.jpg,Class_bright dune
1142.jpg,Class_other
1143.jpg,Class_crater
1144.jpg,Class_dark dune
1145.jpg,Class_crater
1146.jpg,Class_bright dune
1147.jpg,Class_bright dune
1148.jpg,Class_other
1149.jpg,Class_other
115.jpg,Class_bright dune
1150.jpg,Class_crater
1151.jpg,Class_other
1152.jpg,Class_other
1153.jpg,Class_other
1154.jpg,Class_crater
1155.jpg,Class_other
1156.jpg,Class_other
1157.jpg,Class_other
1158.jpg,Class_other
1159.jpg,Class_other
116.jpg,Class_crater
1160.jpg,Class_other
1161.jpg,Class_other
1162.jpg,Class_other
1163.jpg,Class_other
1164.jpg,Class_other
1165.jpg,Class_other
1166.jpg,Class_other
1167.jpg,Class_swiss cheese
1168.jpg,Class_other
1169.jpg,Class_other
117.jpg,Class_other
1170.jpg,Class_other
1171.jpg,Class_swiss cheese
1172.jpg,Class_other
1173.jpg,Class_other
1174.jpg,Class_other
1175.jpg,Class_dark dune
1176.jpg,Class_other
1177.jpg,Class_other
1178.jpg,Class_bright dune
1179.jpg,Class_crater
118.jpg,Class_crater
1180.jpg,Class_other
1181.jpg,Class_other
1182.jpg,Class_other
1183.jpg,Class_other
1184.jpg,Class_other
1185.jpg,Class_bright dune
1186.jpg,Class_other
1187.jpg,Class_dark dune
1188.jpg,Class_swiss cheese
1189.jpg,Class_crater
119.jpg,Class_other
1190.jpg,Class_spider
1191.jpg,Class_other
1192.jpg,Class_slope streak
1193.jpg,Class_impact ejecta
1194.jpg,Class_other
1195.jpg,Class_slope streak
1196.jpg,Class_crater
1197.jpg,Class_other
1198.jpg,Class_dark dune
1199.jpg,Class_other
12.jpg,Class_crater
120.jpg,Class_other
1200.jpg,Class_crater
1201.jpg,Class_other
1202.jpg,Class_other
1203.jpg,Class_bright dune
1204.jpg,Class_other
1205.jpg,Class_crater
1206.jpg,Class_crater
1207.jpg,Class_other
1208.jpg,Class_other
1209.jpg,Class_other
121.jpg,Class_other
1210.jpg,Class_other
1211.jpg,Class_other
1212.jpg,Class_bright dune
1213.jpg,Class_other
1214.jpg,Class_other
1215.jpg,Class_other
1216.jpg,Class_slope streak
1217.jpg,Class_swiss cheese
1218.jpg,Class_other
1219.jpg,Class_spider
122.jpg,Class_other
1220.jpg,Class_other
1221.jpg,Class_crater
1222.jpg,Class_other
1223.jpg,Class_other
1224.jpg,Class_other
1225.jpg,Class_other
1226.jpg,Class_other
1227.jpg,Class_crater
1228.jpg,Class_slope streak
1229.jpg,Class_other
123.jpg,Class_other
1230.jpg,Class_other
1231.jpg,Class_other
1232.jpg,Class_other
1233.jpg,Class_other
1234.jpg,Class_crater
1235.jpg,Class_other
1236.jpg,Class_crater
1237.jpg,Class_crater
1238.jpg,Class_other
1239.jpg,Class_other
124.jpg,Class_slope streak
1240.jpg,Class_other
1241.jpg,Class_dark dune
1242.jpg,Class_other
1243.jpg,Class_other
1244.jpg,Class_crater
1245.jpg,Class_crater
1246.jpg,Class_crater
1247.jpg,Class_other
1248.jpg,Class_other
1249.jpg,Class_crater
125.jpg,Class_other
1250.jpg,Class_other
1251.jpg,Class_other
1252.jpg,Class_swiss cheese
1253.jpg,Class_other
1254.jpg,Class_other
1255.jpg,Class_other
1256.jpg,Class_other
1257.jpg,Class_other
1258.jpg,Class_bright dune
1259.jpg,Class_other
126.jpg,Class_other
1260.jpg,Class_crater
1261.jpg,Class_other
1262.jpg,Class_other
1263.jpg,Class_other
1264.jpg,Class_other
1265.jpg,Class_other
1266.jpg,Class_other
1267.jpg,Class_other
1268.jpg,Class_bright dune
1269.jpg,Class_other
127.jpg,Class_other
1270.jpg,Class_crater
1271.jpg,Class_dark dune
1272.jpg,Class_other
1273.jpg,Class_dark dune
1274.jpg,Class_crater
1275.jpg,Class_other
1276.jpg,Class_other
1277.jpg,Class_other
1278.jpg,Class_other
1279.jpg,Class_crater
128.jpg,Class_other
1280.jpg,Class_bright dune
1281.jpg,Class_other
1282.jpg,Class_other
1283.jpg,Class_crater
1284.jpg,Class_crater
1285.jpg,Class_other
1286.jpg,Class_bright dune
1287.jpg,Class_other
1288.jpg,Class_crater
1289.jpg,Class_crater
129.jpg,Class_other
1290.jpg,Class_other
1291.jpg,Class_bright dune
1292.jpg,Class_other
1293.jpg,Class_crater
1294.jpg,Class_crater
1295.jpg,Class_other
1296.jpg,Class_swiss cheese
1297.jpg,Class_other
1298.jpg,Class_crater
1299.jpg,Class_other
13.jpg,Class_other
130.jpg,Class_dark dune
1300.jpg,Class_bright dune
1301.jpg,Class_other
1302.jpg,Class_slope streak
1303.jpg,Class_swiss cheese
1304.jpg,Class_slope streak
1305.jpg,Class_other
1306.jpg,Class_other
1307.jpg,Class_other
1308.jpg,Class_other
1309.jpg,Class_other
131.jpg,Class_other
1310.jpg,Class_other
1311.jpg,Class_other
1312.jpg,Class_crater
1313.jpg,Class_other
1314.jpg,Class_other
1315.jpg,Class_other
1316.jpg,Class_other
1317.jpg,Class_other
1318.jpg,Class_impact ejecta
1319.jpg,Class_crater
132.jpg,Class_other
1320.jpg,Class_other
1321.jpg,Class_crater
1322.jpg,Class_slope streak
1323.jpg,Class_other
1324.jpg,Class_other
1325.jpg,Class_other
1326.jpg,Class_other
1327.jpg,Class_other
1328.jpg,Class_other
1329.jpg,Class_other
133.jpg,Class_crater
1330.jpg,Class_crater
1331.jpg,Class_other
1332.jpg,Class_other
1333.jpg,Class_other
1334.jpg,Class_other
1335.jpg,Class_crater
1336.jpg,Class_other
1337.jpg,Class_bright dune
1338.jpg,Class_bright dune
1339.jpg,Class_swiss cheese
134.jpg,Class_other
1340.jpg,Class_bright dune
1341.jpg,Class_bright dune
1342.jpg,Class_other
1343.jpg,Class_other
1344.jpg,Class_bright dune
1345.jpg,Class_slope streak
1346.jpg,Class_slope streak
1347.jpg,Class_other
1348.jpg,Class_other
1349.jpg,Class_other
135.jpg,Class_bright dune
1350.jpg,Class_other
1351.jpg,Class_crater
1352.jpg,Class_other
1353.jpg,Class_other
1354.jpg,Class_other
1355.jpg,Class_other
1356.jpg,Class_other
1357.jpg,Class_other
1358.jpg,Class_dark dune
1359.jpg,Class_other
136.jpg,Class_other
1360.jpg,Class_other
1361.jpg,Class_other
1362.jpg,Class_other
1363.jpg,Class_bright dune
1364.jpg,Class_other
1365.jpg,Class_other
1366.jpg,Class_other
1367.jpg,Class_slope streak
1368.jpg,Class_crater
1369.jpg,Class_crater
137.jpg,Class_other
1370.jpg,Class_other
1371.jpg,Class_crater
1372.jpg,Class_other
1373.jpg,Class_other
1374.jpg,Class_swiss cheese
1375.jpg,Class_other
1376.jpg,Class_other
1377.jpg,Class_other
1378.jpg,Class_other
1379.jpg,Class_other
138.jpg,Class_other
1380.jpg,Class_other
1381.jpg,Class_other
1382.jpg,Class_other
1383.jpg,Class_other
1384.jpg,Class_other
1385.jpg,Class_other
1386.jpg,Class_other
1387.jpg,Class_other
1388.jpg,Class_crater
1389.jpg,Class_other
139.jpg,Class_other
1390.jpg,Class_other
1391.jpg,Class_swiss cheese
1392.jpg,Class_other
1393.jpg,Class_crater
1394.jpg,Class_other
1395.jpg,Class_bright dune
1396.jpg,Class_other
1397.jpg,Class_other
1398.jpg,Class_crater
1399.jpg,Class_other
14.jpg,Class_crater
140.jpg,Class_bright dune
1400.jpg,Class_other
1401.jpg,Class_other
1402.jpg,Class_slope streak
1403.jpg,Class_other
1404.jpg,Class_crater
1405.jpg,Class_other
1406.jpg,Class_crater
1407.jpg,Class_other
1408.jpg,Class_other
1409.jpg,Class_crater
141.jpg,Class_swiss cheese
1410.jpg,Class_other
1411.jpg,Class_slope streak
1412.jpg,Class_other
1413.jpg,Class_other
1414.jpg,Class_crater
1415.jpg,Class_crater
1416.jpg,Class_other
1417.jpg,Class_other
1418.jpg,Class_other
1419.jpg,Class_other
142.jpg,Class_other
1420.jpg,Class_other
1421.jpg,Class_other
1422.jpg,Class_other
1423.jpg,Class_other
1424.jpg,Class_dark dune
1425.jpg,Class_other
1426.jpg,Class_bright dune
1427.jpg,Class_crater
1428.jpg,Class_crater
1429.jpg,Class_crater
143.jpg,Class_other
1430.jpg,Class_other
1431.jpg,Class_other
1432.jpg,Class_other
1433.jpg,Class_other
1434.jpg,Class_bright dune
1435.jpg,Class_other
1436.jpg,Class_crater
1437.jpg,Class_impact ejecta
1438.jpg,Class_other
1439.jpg,Class_other
144.jpg,Class_other
1440.jpg,Class_crater
1441.jpg,Class_other
1442.jpg,Class_slope streak
1443.jpg,Class_crater
1444.jpg,Class_crater
1445.jpg,Class_other
1446.jpg,Class_other
1447.jpg,Class_other
1448.jpg,Class_other
1449.jpg,Class_other
145.jpg,Class_crater
1450.jpg,Class_crater
1451.jpg,Class_other
1452.jpg,Class_other
1453.jpg,Class_other
1454.jpg,Class_other
1455.jpg,Class_other
1456.jpg,Class_other
1457.jpg,Class_crater
1458.jpg,Class_slope streak
1459.jpg,Class_other
146.jpg,Class_other
1460.jpg,Class_crater
1461.jpg,Class_other
1462.jpg,Class_other
1463.jpg,Class_other
1464.jpg,Class_other
1465.jpg,Class_slope streak
1466.jpg,Class_other
1467.jpg,Class_other
1468.jpg,Class_bright dune
1469.jpg,Class_other
147.jpg,Class_other
1470.jpg,Class_slope streak
1471.jpg,Class_bright dune
1472.jpg,Class_other
1473.jpg,Class_spider
1474.jpg,Class_crater
1475.jpg,Class_other
1476.jpg,Class_crater
1477.jpg,Class_other
1478.jpg,Class_crater
1479.jpg,Class_other
148.jpg,Class_impact ejecta
1480.jpg,Class_crater
1481.jpg,Class_bright dune
1482.jpg,Class_bright dune
1483.jpg,Class_other
1484.jpg,Class_crater
1485.jpg,Class_other
1486.jpg,Class_crater
1487.jpg,Class_other
1488.jpg,Class_bright dune
1489.jpg,Class_other
149.jpg,Class_crater
1490.jpg,Class_other
1491.jpg,Class_other
1492.jpg,Class_impact ejecta
1493.jpg,Class_other
1494.jpg,Class_other
1495.jpg,Class_other
1496.jpg,Class_crater
1497.jpg,Class_other
1498.jpg,Class_dark dune
1499.jpg,Class_bright dune
15.jpg,Class_bright dune
150.jpg,Class_crater
1500.jpg,Class_other
1501.jpg,Class_other
1502.jpg,Class_dark dune
1503.jpg,Class_other
1504.jpg,Class_other
1505.jpg,Class_bright dune
1506.jpg,Class_other
1507.jpg,Class_other
1508.jpg,Class_crater
1509.jpg,Class_other
151.jpg,Class_spider
1510.jpg,Class_other
1511.jpg,Class_other
1512.jpg,Class_dark dune
1513.jpg,Class_swiss cheese
1514.jpg,Class_crater
1515.jpg,Class_other
1516.jpg,Class_other
1517.jpg,Class_other
1518.jpg,Class_crater
1519.jpg,Class_crater
152.jpg,Class_other
1520.jpg,Class_other
1521.jpg,Class_other
1522.jpg,Class_crater
1523.jpg,Class_bright dune
1524.jpg,Class_slope streak
1525.jpg,Class_other
1526.jpg,Class_swiss cheese
1527.jpg,Class_other
1528.jpg,Class_bright dune
1529.jpg,Class_other
153.jpg,Class_other
1530.jpg,Class_crater
1531.jpg,Class_slope streak
1532.jpg,Class_other
1533.jpg,Class_other
1534.jpg,Class_slope streak
1535.jpg,Class_other
1536.jpg,Class_other
1537.jpg,Class_crater
1538.jpg,Class_other
1539.jpg,Class_crater
154.jpg,Class_other
1540.jpg,Class_other
1541.jpg,Class_swiss cheese
1542.jpg,Class_dark dune
1543.jpg,Class_other
1544.jpg,Class_other
1545.jpg,Class_other
1546.jpg,Class_other
1547.jpg,Class_other
1548.jpg,Class_other
1549.jpg,Class_swiss cheese
155.jpg,Class_other
1550.jpg,Class_other
1551.jpg,Class_other
1552.jpg,Class_slope streak
1553.jpg,Class_crater
1554.jpg,Class_other
1555.jpg,Class_dark dune
1556.jpg,Class_other
1557.jpg,Class_crater
1558.jpg,Class_crater
1559.jpg,Class_crater
156.jpg,Class_swiss cheese
1560.jpg,Class_other
1561.jpg,Class_other
1562.jpg,Class_other
1563.jpg,Class_other
1564.jpg,Class_impact ejecta
1565.jpg,Class_other
1566.jpg,Class_other
1567.jpg,Class_other
1568.jpg,Class_bright dune
1569.jpg,Class_other
157.jpg,Class_other
1570.jpg,Class_other
1571.jpg,Class_other
1572.jpg,Class_other
1573.jpg,Class_other
1574.jpg,Class_dark dune
1575.jpg,Class_other
1576.jpg,Class_bright dune
1577.jpg,Class_crater
1578.jpg,Class_crater
1579.jpg,Class_swiss cheese
158.jpg,Class_other
1580.jpg,Class_crater
1581.jpg,Class_other
1582.jpg,Class_swiss cheese
1583.jpg,Class_other
1584.jpg,Class_other
1585.jpg,Class_other
1586.jpg,Class_slope streak
1587.jpg,Class_other
1588.jpg,Class_other
1589.jpg,Class_other
159.jpg,Class_dark dune
1590.jpg,Class_other
1591.jpg,Class_other
1592.jpg,Class_other
1593.jpg,Class_other
1594.jpg,Class_bright dune
1595.jpg,Class_slope streak
1596.jpg,Class_crater
1597.jpg,Class_other
1598.jpg,Class_other
1599.jpg,Class_other
16.jpg,Class_other
160.jpg,Class_other
1600.jpg,Class_other
1601.jpg,Class_other
1602.jpg,Class_other
1603.jpg,Class_other
1604.jpg,Class_other
1605.jpg,Class_impact ejecta
1606.jpg,Class_other
1607.jpg,Class_other
1608.jpg,Class_other
1609.jpg,Class_other
161.jpg,Class_other
1610.jpg,Class_other
1611.jpg,Class_swiss cheese
1612.jpg,Class_spider
1613.jpg,Class_other
1614.jpg,Class_other
1615.jpg,Class_bright dune
1616.jpg,Class_crater
1617.jpg,Class_other
1618.jpg,Class_other
1619.jpg,Class_other
162.jpg,Class_other
1620.jpg,Class_other
1621.jpg,Class_other
1622.jpg,Class_swiss cheese
1623.jpg,Class_crater
1624.jpg,Class_other
1625.jpg,Class_other
1626.jpg,Class_other
1627.jpg,Class_crater
1628.jpg,Class_crater
1629.jpg,Class_other
163.jpg,Class_other
1630.jpg,Class_other
1631.jpg,Class_other
1632.jpg,Class_other
1633.jpg,Class_other
1634.jpg,Class_crater
1635.jpg,Class_other
1636.jpg,Class_swiss cheese
1637.jpg,Class_other
1638.jpg,Class_slope streak
1639.jpg,Class_other
164.jpg,Class_crater
1640.jpg,Class_crater
1641.jpg,Class_slope streak
1642.jpg,Class_dark dune
1643.jpg,Class_slope streak
1644.jpg,Class_bright dune
1645.jpg,Class_other
1646.jpg,Class_other
1647.jpg,Class_other
1648.jpg,Class_other
1649.jpg,Class_slope streak
165.jpg,Class_other
1650.jpg,Class_other
1651.jpg,Class_other
1652.jpg,Class_other
1653.jpg,Class_crater
1654.jpg,Class_bright dune
1655.jpg,Class_crater
1656.jpg,Class_slope streak
1657.jpg,Class_swiss cheese
1658.jpg,Class_spider
1659.jpg,Class_other
166.jpg,Class_slope streak
1660.jpg,Class_other
1661.jpg,Class_bright dune
1662.jpg,Class_crater
1663.jpg,Class_other
1664.jpg,Class_other
1665.jpg,Class_other
1666.jpg,Class_other
1667.jpg,Class_other
1668.jpg,Class_other
1669.jpg,Class_other
167.jpg,Class_other
1670.jpg,Class_crater
1671.jpg,Class_other
1672.jpg,Class_other
1673.jpg,Class_other
1674.jpg,Class_slope streak
1675.jpg,Class_other
1676.jpg,Class_other
1677.jpg,Class_other
1678.jpg,Class_other
1679.jpg,Class_dark dune
168.jpg,Class_other
1680.jpg,Class_other
1681.jpg,Class_other
1682.jpg,Class_other
1683.jpg,Class_bright dune
1684.jpg,Class_other
1685.jpg,Class_other
1686.jpg,Class_other
1687.jpg,Class_other
1688.jpg,Class_dark dune
1689.jpg,Class_other
169.jpg,Class_other
1690.jpg,Class_other
1691.jpg,Class_other
1692.jpg,Class_crater
1693.jpg,Class_other
1694.jpg,Class_other
1695.jpg,Class_other
1696.jpg,Class_bright dune
1697.jpg,Class_other
1698.jpg,Class_other
1699.jpg,Class_crater
17.jpg,Class_crater
170.jpg,Class_crater
1700.jpg,Class_other
1701.jpg,Class_other
1702.jpg,Class_bright dune
1703.jpg,Class_crater
1704.jpg,Class_other
1705.jpg,Class_crater
1706.jpg,Class_other
1707.jpg,Class_other
1708.jpg,Class_other
1709.jpg,Class_other
171.jpg,Class_other
1710.jpg,Class_dark dune
1711.jpg,Class_crater
1712.jpg,Class_swiss cheese
1713.jpg,Class_other
1714.jpg,Class_other
1715.jpg,Class_swiss cheese
1716.jpg,Class_other
1717.jpg,Class_other
1718.jpg,Class_crater
1719.jpg,Class_other
172.jpg,Class_bright dune
1720.jpg,Class_bright dune
1721.jpg,Class_bright dune
1722.jpg,Class_other
1723.jpg,Class_other
1724.jpg,Class_crater
1725.jpg,Class_crater
1726.jpg,Class_other
1727.jpg,Class_crater
1728.jpg,Class_other
1729.jpg,Class_other
173.jpg,Class_slope streak
1730.jpg,Class_slope streak
1731.jpg,Class_swiss cheese
1732.jpg,Class_bright dune
1733.jpg,Class_other
1734.jpg,Class_bright dune
1735.jpg,Class_other
1736.jpg,Class_other
1737.jpg,Class_other
1738.jpg,Class_spider
1739.jpg,Class_other
174.jpg,Class_bright dune
1740.jpg,Class_other
1741.jpg,Class_other
1742.jpg,Class_dark dune
1743.jpg,Class_other
1744.jpg,Class_slope streak
1745.jpg,Class_bright dune
1746.jpg,Class_swiss cheese
1747.jpg,Class_bright dune
1748.jpg,Class_swiss cheese
1749.jpg,Class_other
175.jpg,Class_bright dune
1750.jpg,Class_other
1751.jpg,Class_crater
1752.jpg,Class_other
1753.jpg,Class_other
1754.jpg,Class_other
1755.jpg,Class_crater
1756.jpg,Class_other
1757.jpg,Class_crater
1758.jpg,Class_other
1759.jpg,Class_other
176.jpg,Class_other
1760.jpg,Class_crater
1761.jpg,Class_other
1762.jpg,Class_other
1763.jpg,Class_other
1764.jpg,Class_other
1765.jpg,Class_swiss cheese
1766.jpg,Class_other
1767.jpg,Class_dark dune
1768.jpg,Class_crater
1769.jpg,Class_other
177.jpg,Class_other
1770.jpg,Class_other
1771.jpg,Class_other
1772.jpg,Class_crater
1773.jpg,Class_other
1774.jpg,Class_other
1775.jpg,Class_other
1776.jpg,Class_other
1777.jpg,Class_other
1778.jpg,Class_crater
1779.jpg,Class_other
178.jpg,Class_other
1780.jpg,Class_other
1781.jpg,Class_other
1782.jpg,Class_other
1783.jpg,Class_crater
1784.jpg,Class_bright dune
1785.jpg,Class_other
1786.jpg,Class_other
1787.jpg,Class_dark dune
1788.jpg,Class_bright dune
1789.jpg,Class_crater
179.jpg,Class_other
1790.jpg,Class_other
1791.jpg,Class_other
1792.jpg,Class_bright dune
1793.jpg,Class_other
1794.jpg,Class_other
1795.jpg,Class_slope streak
1796.jpg,Class_crater
1797.jpg,Class_other
1798.jpg,Class_crater
1799.jpg,Class_bright dune
18.jpg,Class_bright dune
180.jpg,Class_other
1800.jpg,Class_impact ejecta
1801.jpg,Class_crater
1802.jpg,Class_other
1803.jpg,Class_other
1804.jpg,Class_other
1805.jpg,Class_other
1806.jpg,Class_dark dune
1807.jpg,Class_other
1808.jpg,Class_bright dune
1809.jpg,Class_other
181.jpg,Class_other
1810.jpg,Class_other
1811.jpg,Class_other
1812.jpg,Class_other
1813.jpg,Class_bright dune
1814.jpg,Class_crater
1815.jpg,Class_other
1816.jpg,Class_crater
1817.jpg,Class_other
1818.jpg,Class_other
1819.jpg,Class_other
182.jpg,Class_crater
1820.jpg,Class_other
1821.jpg,Class_other
1822.jpg,Class_other
1823.jpg,Class_swiss cheese
1824.jpg,Class_other
1825.jpg,Class_other
1826.jpg,Class_other
1827.jpg,Class_other
1828.jpg,Class_other
1829.jpg,Class_slope streak
183.jpg,Class_bright dune
1830.jpg,Class_other
1831.jpg,Class_other
1832.jpg,Class_other
1833.jpg,Class_other
1834.jpg,Class_crater
1835.jpg,Class_other
1836.jpg,Class_other
1837.jpg,Class_other
1838.jpg,Class_other
1839.jpg,Class_crater
184.jpg,Class_bright dune
1840.jpg,Class_other
1841.jpg,Class_other
1842.jpg,Class_other
1843.jpg,Class_crater
1844.jpg,Class_other
1845.jpg,Class_bright dune
1846.jpg,Class_crater
1847.jpg,Class_other
1848.jpg,Class_other
1849.jpg,Class_other
185.jpg,Class_other
1850.jpg,Class_other
1851.jpg,Class_other
1852.jpg,Class_other
1853.jpg,Class_crater
1854.jpg,Class_other
1855.jpg,Class_other
1856.jpg,Class_other
1857.jpg,Class_slope streak
1858.jpg,Class_other
1859.jpg,Class_other
186.jpg,Class_other
1860.jpg,Class_other
1861.jpg,Class_crater
1862.jpg,Class_other
1863.jpg,Class_crater
1864.jpg,Class_other
1865.jpg,Class_other
1866.jpg,Class_other
1867.jpg,Class_other
1868.jpg,Class_other
1869.jpg,Class_other
187.jpg,Class_crater
1870.jpg,Class_other
1871.jpg,Class_other
1872.jpg,Class_bright dune
1873.jpg,Class_other
1874.jpg,Class_other
1875.jpg,Class_other
1876.jpg,Class_other
1877.jpg,Class_other
1878.jpg,Class_slope streak
1879.jpg,Class_other
188.jpg,Class_crater
1880.jpg,Class_other
1881.jpg,Class_slope streak
1882.jpg,Class_other
1883.jpg,Class_other
1884.jpg,Class_bright dune
1885.jpg,Class_other
1886.jpg,Class_other
1887.jpg,Class_crater
1888.jpg,Class_other
1889.jpg,Class_slope streak
189.jpg,Class_swiss cheese
1890.jpg,Class_bright dune
1891.jpg,Class_other
1892.jpg,Class_other
1893.jpg,Class_dark dune
1894.jpg,Class_bright dune
1895.jpg,Class_other
1896.jpg,Class_other
1897.jpg,Class_other
1898.jpg,Class_other
1899.jpg,Class_other
19.jpg,Class_other
190.jpg,Class_other
1900.jpg,Class_other
1901.jpg,Class_other
1902.jpg,Class_crater
1903.jpg,Class_bright dune
1904.jpg,Class_other
1905.jpg,Class_other
1906.jpg,Class_other
1907.jpg,Class_other
1908.jpg,Class_swiss cheese
1909.jpg,Class_other
191.jpg,Class_other
1910.jpg,Class_other
1911.jpg,Class_other
1912.jpg,Class_bright dune
1913.jpg,Class_other
1914.jpg,Class_slope streak
1915.jpg,Class_crater
1916.jpg,Class_other
1917.jpg,Class_bright dune
1918.jpg,Class_other
1919.jpg,Class_other
192.jpg,Class_crater
1920.jpg,Class_other
1921.jpg,Class_other
1922.jpg,Class_other
1923.jpg,Class_other
1924.jpg,Class_other
1925.jpg,Class_other
1926.jpg,Class_crater
1927.jpg,Class_other
1928.jpg,Class_crater
1929.jpg,Class_other
193.jpg,Class_other
1930.jpg,Class_other
1931.jpg,Class_other
1932.jpg,Class_slope streak
1933.jpg,Class_other
1934.jpg,Class_other
1935.jpg,Class_bright dune
1936.jpg,Class_crater
1937.jpg,Class_other
1938.jpg,Class_crater
1939.jpg,Class_other
194.jpg,Class_other
1940.jpg,Class_other
1941.jpg,Class_other
1942.jpg,Class_other
1943.jpg,Class_crater
1944.jpg,Class_other
1945.jpg,Class_other
1946.jpg,Class_other
1947.jpg,Class_other
1948.jpg,Class_other
1949.jpg,Class_other
195.jpg,Class_slope streak
1950.jpg,Class_other
1951.jpg,Class_other
1952.jpg,Class_crater
1953.jpg,Class_crater
1954.jpg,Class_bright dune
1955.jpg,Class_other
1956.jpg,Class_other
1957.jpg,Class_other
1958.jpg,Class_bright dune
1959.jpg,Class_dark dune
196.jpg,Class_other
1960.jpg,Class_crater
1961.jpg,Class_other
1962.jpg,Class_other
1963.jpg,Class_bright dune
1964.jpg,Class_spider
1965.jpg,Class_other
1966.jpg,Class_slope streak
1967.jpg,Class_other
1968.jpg,Class_bright dune
1969.jpg,Class_other
197.jpg,Class_bright dune
1970.jpg,Class_other
1971.jpg,Class_other
1972.jpg,Class_crater
1973.jpg,Class_other
1974.jpg,Class_bright dune
1975.jpg,Class_other
1976.jpg,Class_other
1977.jpg,Class_crater
1978.jpg,Class_other
1979.jpg,Class_other
198.jpg,Class_other
1980.jpg,Class_bright dune
1981.jpg,Class_other
1982.jpg,Class_other
1983.jpg,Class_other
1984.jpg,Class_other
1985.jpg,Class_other
1986.jpg,Class_other
1987.jpg,Class_crater
1988.jpg,Class_other
1989.jpg,Class_bright dune
199.jpg,Class_other
1990.jpg,Class_other
1991.jpg,Class_crater
1992.jpg,Class_bright dune
1993.jpg,Class_other
1994.jpg,Class_dark dune
1995.jpg,Class_other
1996.jpg,Class_other
1997.jpg,Class_other
1998.jpg,Class_other
1999.jpg,Class_other
2.jpg,Class_other
20.jpg,Class_other
200.jpg,Class_other
2000.jpg,Class_other
201.jpg,Class_crater
202.jpg,Class_slope streak
203.jpg,Class_other
204.jpg,Class_crater
205.jpg,Class_dark dune
206.jpg,Class_other
207.jpg,Class_crater
208.jpg,Class_crater
209.jpg,Class_dark dune
21.jpg,Class_other
210.jpg,Class_other
211.jpg,Class_other
212.jpg,Class_slope streak
213.jpg,Class_other
214.jpg,Class_slope streak
215.jpg,Class_other
216.jpg,Class_other
217.jpg,Class_other
218.jpg,Class_other
219.jpg,Class_other
22.jpg,Class_crater
220.jpg,Class_other
221.jpg,Class_other
222.jpg,Class_bright dune
223.jpg,Class_other
224.jpg,Class_swiss cheese
225.jpg,Class_other
226.jpg,Class_other
227.jpg,Class_other
228.jpg,Class_other
229.jpg,Class_other
23.jpg,Class_other
230.jpg,Class_other
231.jpg,Class_other
232.jpg,Class_slope streak
233.jpg,Class_crater
234.jpg,Class_slope streak
235.jpg,Class_crater
236.jpg,Class_other
237.jpg,Class_other
238.jpg,Class_spider
239.jpg,Class_other
24.jpg,Class_bright dune
240.jpg,Class_dark dune
241.jpg,Class_other
242.jpg,Class_other
243.jpg,Class_other
244.jpg,Class_other
245.jpg,Class_other
246.jpg,Class_other
247.jpg,Class_other
248.jpg,Class_other
249.jpg,Class_other
25.jpg,Class_other
250.jpg,Class_bright dune
251.jpg,Class_other
252.jpg,Class_other
253.jpg,Class_slope streak
254.jpg,Class_other
255.jpg,Class_dark dune
256.jpg,Class_other
257.jpg,Class_dark dune
258.jpg,Class_bright dune
259.jpg,Class_crater
26.jpg,Class_other
260.jpg,Class_crater
261.jpg,Class_other
262.jpg,Class_other
263.jpg,Class_dark dune
264.jpg,Class_other
265.jpg,Class_bright dune
266.jpg,Class_other
267.jpg,Class_bright dune
268.jpg,Class_other
269.jpg,Class_other
27.jpg,Class_bright dune
270.jpg,Class_other
271.jpg,Class_crater
272.jpg,Class_other
273.jpg,Class_other
274.jpg,Class_other
275.jpg,Class_crater
276.jpg,Class_other
277.jpg,Class_other
278.jpg,Class_other
279.jpg,Class_other
28.jpg,Class_other
280.jpg,Class_slope streak
281.jpg,Class_dark dune
282.jpg,Class_other
283.jpg,Class_other
284.jpg,Class_bright dune
285.jpg,Class_crater
286.jpg,Class_other
287.jpg,Class_other
288.jpg,Class_other
289.jpg,Class_other
29.jpg,Class_other
290.jpg,Class_crater
291.jpg,Class_other
292.jpg,Class_crater
293.jpg,Class_other
294.jpg,Class_other
295.jpg,Class_bright dune
296.jpg,Class_other
297.jpg,Class_swiss cheese
298.jpg,Class_bright dune
299.jpg,Class_other
3.jpg,Class_other
30.jpg,Class_spider
300.jpg,Class_other
301.jpg,Class_bright dune
302.jpg,Class_slope streak
303.jpg,Class_other
304.jpg,Class_other
305.jpg,Class_other
306.jpg,Class_other
307.jpg,Class_other
308.jpg,Class_other
309.jpg,Class_other
31.jpg,Class_crater
310.jpg,Class_other
311.jpg,Class_dark dune
312.jpg,Class_other
313.jpg,Class_crater
314.jpg,Class_crater
315.jpg,Class_other
316.jpg,Class_crater
317.jpg,Class_other
318.jpg,Class_other
319.jpg,Class_crater
32.jpg,Class_other
320.jpg,Class_bright dune
321.jpg,Class_other
322.jpg,Class_crater
323.jpg,Class_other
324.jpg,Class_crater
325.jpg,Class_spider
326.jpg,Class_slope streak
327.jpg,Class_impact ejecta
328.jpg,Class_other
329.jpg,Class_crater
33.jpg,Class_crater
330.jpg,Class_slope streak
331.jpg,Class_other
332.jpg,Class_other
333.jpg,Class_other
334.jpg,Class_other
335.jpg,Class_other
336.jpg,Class_other
337.jpg,Class_other
338.jpg,Class_other
339.jpg,Class_other
34.jpg,Class_other
340.jpg,Class_bright dune
341.jpg,Class_other
342.jpg,Class_other
343.jpg,Class_other
344.jpg,Class_other
345.jpg,Class_other
346.jpg,Class_bright dune
347.jpg,Class_slope streak
348.jpg,Class_slope streak
349.jpg,Class_bright dune
35.jpg,Class_bright dune
350.jpg,Class_other
351.jpg,Class_other
352.jpg,Class_other
353.jpg,Class_crater
354.jpg,Class_other
355.jpg,Class_crater
356.jpg,Class_other
357.jpg,Class_bright dune
358.jpg,Class_crater
359.jpg,Class_other
36.jpg,Class_bright dune
360.jpg,Class_other
361.jpg,Class_slope streak
362.jpg,Class_other
363.jpg,Class_other
364.jpg,Class_other
365.jpg,Class_crater
366.jpg,Class_bright dune
367.jpg,Class_other
368.jpg,Class_other
369.jpg,Class_other
37.jpg,Class_bright dune
370.jpg,Class_swiss cheese
371.jpg,Class_bright dune
372.jpg,Class_other
373.jpg,Class_other
374.jpg,Class_other
375.jpg,Class_other
376.jpg,Class_crater
377.jpg,Class_other
378.jpg,Class_other
379.jpg,Class_crater
38.jpg,Class_other
380.jpg,Class_other
381.jpg,Class_other
382.jpg,Class_other
383.jpg,Class_bright dune
384.jpg,Class_swiss cheese
385.jpg,Class_other
386.jpg,Class_other
387.jpg,Class_other
388.jpg,Class_other
389.jpg,Class_crater
39.jpg,Class_slope streak
390.jpg,Class_slope streak
391.jpg,Class_other
392.jpg,Class_other
393.jpg,Class_dark dune
394.jpg,Class_slope streak
395.jpg,Class_other
396.jpg,Class_other
397.jpg,Class_bright dune
398.jpg,Class_other
399.jpg,Class_other
4.jpg,Class_other
40.jpg,Class_other
400.jpg,Class_other
401.jpg,Class_crater
402.jpg,Class_bright dune
403.jpg,Class_swiss cheese
404.jpg,Class_crater
405.jpg,Class_dark dune
406.jpg,Class_other
407.jpg,Class_crater
408.jpg,Class_other
409.jpg,Class_slope streak
41.jpg,Class_other
410.jpg,Class_bright dune
411.jpg,Class_other
412.jpg,Class_bright dune
413.jpg,Class_crater
414.jpg,Class_other
415.jpg,Class_crater
416.jpg,Class_slope streak
417.jpg,Class_other
418.jpg,Class_impact ejecta
419.jpg,Class_other
42.jpg,Class_bright dune
420.jpg,Class_crater
421.jpg,Class_other
422.jpg,Class_other
423.jpg,Class_other
424.jpg,Class_other
425.jpg,Class_other
426.jpg,Class_other
427.jpg,Class_other
428.jpg,Class_other
429.jpg,Class_other
43.jpg,Class_bright dune
430.jpg,Class_slope streak
431.jpg,Class_other
432.jpg,Class_other
433.jpg,Class_crater
434.jpg,Class_other
435.jpg,Class_other
436.jpg,Class_other
437.jpg,Class_other
438.jpg,Class_other
439.jpg,Class_other
44.jpg,Class_other
440.jpg,Class_other
441.jpg,Class_other
442.jpg,Class_swiss cheese
443.jpg,Class_bright dune
444.jpg,Class_other
445.jpg,Class_bright dune
446.jpg,Class_slope streak
447.jpg,Class_dark dune
448.jpg,Class_bright dune
449.jpg,Class_other
45.jpg,Class_crater
450.jpg,Class_other
451.jpg,Class_crater
452.jpg,Class_crater
453.jpg,Class_swiss cheese
454.jpg,Class_other
455.jpg,Class_dark dune
456.jpg,Class_dark dune
457.jpg,Class_swiss cheese
458.jpg,Class_other
459.jpg,Class_other
46.jpg,Class_crater
460.jpg,Class_other
461.jpg,Class_slope streak
462.jpg,Class_other
463.jpg,Class_other
464.jpg,Class_crater
465.jpg,Class_other
466.jpg,Class_crater
467.jpg,Class_crater
468.jpg,Class_other
469.jpg,Class_crater
47.jpg,Class_swiss cheese
470.jpg,Class_crater
471.jpg,Class_other
472.jpg,Class_other
473.jpg,Class_bright dune
474.jpg,Class_other
475.jpg,Class_other
476.jpg,Class_crater
477.jpg,Class_crater
478.jpg,Class_crater
479.jpg,Class_crater
48.jpg,Class_other
480.jpg,Class_other
481.jpg,Class_other
482.jpg,Class_other
483.jpg,Class_other
484.jpg,Class_crater
485.jpg,Class_other
486.jpg,Class_other
487.jpg,Class_bright dune
488.jpg,Class_other
489.jpg,Class_slope streak
49.jpg,Class_other
490.jpg,Class_bright dune
491.jpg,Class_crater
492.jpg,Class_other
493.jpg,Class_other
494.jpg,Class_other
495.jpg,Class_bright dune
496.jpg,Class_bright dune
497.jpg,Class_crater
498.jpg,Class_other
499.jpg,Class_dark dune
5.jpg,Class_other
50.jpg,Class_bright dune
500.jpg,Class_other
501.jpg,Class_other
502.jpg,Class_swiss cheese
503.jpg,Class_other
504.jpg,Class_crater
505.jpg,Class_slope streak
506.jpg,Class_slope streak
507.jpg,Class_other
508.jpg,Class_other
509.jpg,Class_other
51.jpg,Class_bright dune
510.jpg,Class_other
511.jpg,Class_bright dune
512.jpg,Class_other
513.jpg,Class_crater
514.jpg,Class_crater
515.jpg,Class_other
516.jpg,Class_spider
517.jpg,Class_other
518.jpg,Class_other
519.jpg,Class_other
52.jpg,Class_other
520.jpg,Class_bright dune
521.jpg,Class_bright dune
522.jpg,Class_other
523.jpg,Class_bright dune
524.jpg,Class_swiss cheese
525.jpg,Class_crater
526.jpg,Class_bright dune
527.jpg,Class_other
528.jpg,Class_dark dune
529.jpg,Class_other
53.jpg,Class_other
530.jpg,Class_crater
531.jpg,Class_swiss cheese
532.jpg,Class_other
533.jpg,Class_other
534.jpg,Class_crater
535.jpg,Class_dark dune
536.jpg,Class_other
537.jpg,Class_crater
538.jpg,Class_other
539.jpg,Class_other
54.jpg,Class_other
540.jpg,Class_other
541.jpg,Class_other
542.jpg,Class_other
543.jpg,Class_bright dune
544.jpg,Class_swiss cheese
545.jpg,Class_crater
546.jpg,Class_other
547.jpg,Class_other
548.jpg,Class_swiss cheese
549.jpg,Class_other
55.jpg,Class_dark dune
550.jpg,Class_other
551.jpg,Class_bright dune
552.jpg,Class_crater
553.jpg,Class_other
554.jpg,Class_other
555.jpg,Class_crater
556.jpg,Class_other
557.jpg,Class_crater
558.jpg,Class_bright dune
559.jpg,Class_other
56.jpg,Class_other
560.jpg,Class_other
561.jpg,Class_bright dune
562.jpg,Class_other
563.jpg,Class_other
564.jpg,Class_crater
565.jpg,Class_other
566.jpg,Class_dark dune
567.jpg,Class_other
568.jpg,Class_crater
569.jpg,Class_other
57.jpg,Class_other
570.jpg,Class_other
571.jpg,Class_crater
572.jpg,Class_bright dune
573.jpg,Class_other
574.jpg,Class_other
575.jpg,Class_bright dune
576.jpg,Class_other
577.jpg,Class_other
578.jpg,Class_slope streak
579.jpg,Class_other
58.jpg,Class_other
580.jpg,Class_other
581.jpg,Class_other
582.jpg,Class_other
583.jpg,Class_other
584.jpg,Class_bright dune
585.jpg,Class_crater
586.jpg,Class_swiss cheese
587.jpg,Class_other
588.jpg,Class_other
589.jpg,Class_other
59.jpg,Class_other
590.jpg,Class_other
591.jpg,Class_other
592.jpg,Class_other
593.jpg,Class_other
594.jpg,Class_other
595.jpg,Class_dark dune
596.jpg,Class_bright dune
597.jpg,Class_swiss cheese
598.jpg,Class_crater
599.jpg,Class_crater
6.jpg,Class_other
60.jpg,Class_bright dune
600.jpg,Class_spider
601.jpg,Class_other
602.jpg,Class_other
603.jpg,Class_other
604.jpg,Class_crater
605.jpg,Class_other
606.jpg,Class_other
607.jpg,Class_other
608.jpg,Class_other
609.jpg,Class_other
61.jpg,Class_crater
610.jpg,Class_other
611.jpg,Class_other
612.jpg,Class_other
613.jpg,Class_other
614.jpg,Class_crater
615.jpg,Class_crater
616.jpg,Class_slope streak
617.jpg,Class_other
618.jpg,Class_crater
619.jpg,Class_other
62.jpg,Class_other
620.jpg,Class_dark dune
621.jpg,Class_crater
622.jpg,Class_crater
623.jpg,Class_crater
624.jpg,Class_other
625.jpg,Class_other
626.jpg,Class_other
627.jpg,Class_other
628.jpg,Class_other
629.jpg,Class_slope streak
63.jpg,Class_other
630.jpg,Class_other
631.jpg,Class_other
632.jpg,Class_crater
633.jpg,Class_other
634.jpg,Class_crater
635.jpg,Class_other
636.jpg,Class_crater
637.jpg,Class_other
638.jpg,Class_crater
639.jpg,Class_other
64.jpg,Class_other
640.jpg,Class_crater
641.jpg,Class_other
642.jpg,Class_dark dune
643.jpg,Class_other
644.jpg,Class_other
645.jpg,Class_other
646.jpg,Class_other
647.jpg,Class_spider
648.jpg,Class_crater
649.jpg,Class_crater
65.jpg,Class_other
650.jpg,Class_other
651.jpg,Class_other
652.jpg,Class_other
653.jpg,Class_other
654.jpg,Class_slope streak
655.jpg,Class_other
656.jpg,Class_bright dune
657.jpg,Class_other
658.jpg,Class_bright dune
659.jpg,Class_other
66.jpg,Class_bright dune
660.jpg,Class_bright dune
661.jpg,Class_other
662.jpg,Class_other
663.jpg,Class_bright dune
664.jpg,Class_crater
665.jpg,Class_slope streak
666.jpg,Class_other
667.jpg,Class_crater
668.jpg,Class_bright dune
669.jpg,Class_other
67.jpg,Class_other
670.jpg,Class_other
671.jpg,Class_other
672.jpg,Class_dark dune
673.jpg,Class_crater
674.jpg,Class_crater
675.jpg,Class_swiss cheese
676.jpg,Class_other
677.jpg,Class_crater
678.jpg,Class_crater
679.jpg,Class_other
68.jpg,Class_other
680.jpg,Class_other
681.jpg,Class_other
682.jpg,Class_other
683.jpg,Class_swiss cheese
684.jpg,Class_dark dune
685.jpg,Class_crater
686.jpg,Class_crater
687.jpg,Class_other
688.jpg,Class_other
689.jpg,Class_other
69.jpg,Class_bright dune
690.jpg,Class_crater
691.jpg,Class_other
692.jpg,Class_other
693.jpg,Class_other
694.jpg,Class_bright dune
695.jpg,Class_slope streak
696.jpg,Class_other
697.jpg,Class_other
698.jpg,Class_other
699.jpg,Class_other
7.jpg,Class_bright dune
70.jpg,Class_crater
700.jpg,Class_other
701.jpg,Class_bright dune
702.jpg,Class_other
703.jpg,Class_other
704.jpg,Class_other
705.jpg,Class_crater
706.jpg,Class_bright dune
707.jpg,Class_slope streak
708.jpg,Class_other
709.jpg,Class_other
71.jpg,Class_other
710.jpg,Class_other
711.jpg,Class_other
712.jpg,Class_other
713.jpg,Class_crater
714.jpg,Class_other
715.jpg,Class_slope streak
716.jpg,Class_other
717.jpg,Class_other
718.jpg,Class_bright dune
719.jpg,Class_slope streak
72.jpg,Class_other
720.jpg,Class_other
721.jpg,Class_crater
722.jpg,Class_crater
723.jpg,Class_bright dune
724.jpg,Class_slope streak
725.jpg,Class_other
726.jpg,Class_other
727.jpg,Class_other
728.jpg,Class_spider
729.jpg,Class_other
73.jpg,Class_crater
730.jpg,Class_other
731.jpg,Class_other
732.jpg,Class_crater
733.jpg,Class_crater
734.jpg,Class_other
735.jpg,Class_crater
736.jpg,Class_swiss cheese
737.jpg,Class_other
738.jpg,Class_other
739.jpg,Class_crater
74.jpg,Class_other
740.jpg,Class_bright dune
741.jpg,Class_slope streak
742.jpg,Class_other
743.jpg,Class_crater
744.jpg,Class_other
745.jpg,Class_other
746.jpg,Class_swiss cheese
747.jpg,Class_other
748.jpg,Class_bright dune
749.jpg,Class_other
75.jpg,Class_bright dune
750.jpg,Class_swiss cheese
751.jpg,Class_other
752.jpg,Class_bright dune
753.jpg,Class_crater
754.jpg,Class_other
755.jpg,Class_bright dune
756.jpg,Class_other
757.jpg,Class_other
758.jpg,Class_other
759.jpg,Class_other
76.jpg,Class_other
760.jpg,Class_other
761.jpg,Class_other
762.jpg,Class_swiss cheese
763.jpg,Class_other
764.jpg,Class_slope streak
765.jpg,Class_other
766.jpg,Class_slope streak
767.jpg,Class_other
768.jpg,Class_other
769.jpg,Class_other
77.jpg,Class_dark dune
770.jpg,Class_swiss cheese
771.jpg,Class_other
772.jpg,Class_bright dune
773.jpg,Class_other
774.jpg,Class_other
775.jpg,Class_other
776.jpg,Class_bright dune
777.jpg,Class_other
778.jpg,Class_crater
779.jpg,Class_other
78.jpg,Class_other
780.jpg,Class_crater
781.jpg,Class_bright dune
782.jpg,Class_bright dune
783.jpg,Class_crater
784.jpg,Class_other
785.jpg,Class_other
786.jpg,Class_slope streak
787.jpg,Class_other
788.jpg,Class_other
789.jpg,Class_other
79.jpg,Class_swiss cheese
790.jpg,Class_dark dune
791.jpg,Class_dark dune
792.jpg,Class_other
793.jpg,Class_bright dune
794.jpg,Class_other
795.jpg,Class_crater
796.jpg,Class_other
797.jpg,Class_other
798.jpg,Class_slope streak
799.jpg,Class_other
8.jpg,Class_other
80.jpg,Class_other
800.jpg,Class_crater
801.jpg,Class_bright dune
802.jpg,Class_other
803.jpg,Class_other
804.jpg,Class_bright dune
805.jpg,Class_other
806.jpg,Class_crater
807.jpg,Class_other
808.jpg,Class_other
809.jpg,Class_crater
81.jpg,Class_other
810.jpg,Class_other
811.jpg,Class_other
812.jpg,Class_other
813.jpg,Class_other
814.jpg,Class_other
815.jpg,Class_other
816.jpg,Class_bright dune
817.jpg,Class_crater
818.jpg,Class_other
819.jpg,Class_swiss cheese
82.jpg,Class_other
820.jpg,Class_other
821.jpg,Class_other
822.jpg,Class_slope streak
823.jpg,Class_other
824.jpg,Class_bright dune
825.jpg,Class_crater
826.jpg,Class_swiss cheese
827.jpg,Class_swiss cheese
828.jpg,Class_bright dune
829.jpg,Class_other
83.jpg,Class_bright dune
830.jpg,Class_crater
831.jpg,Class_slope streak
832.jpg,Class_other
833.jpg,Class_crater
834.jpg,Class_crater
835.jpg,Class_other
836.jpg,Class_bright dune
837.jpg,Class_crater
838.jpg,Class_other
839.jpg,Class_crater
84.jpg,Class_other
840.jpg,Class_crater
841.jpg,Class_other
842.jpg,Class_other
843.jpg,Class_other
844.jpg,Class_other
845.jpg,Class_other
846.jpg,Class_bright dune
847.jpg,Class_dark dune
848.jpg,Class_swiss cheese
849.jpg,Class_crater
85.jpg,Class_other
850.jpg,Class_impact ejecta
851.jpg,Class_other
852.jpg,Class_bright dune
853.jpg,Class_bright dune
854.jpg,Class_bright dune
855.jpg,Class_spider
856.jpg,Class_other
857.jpg,Class_slope streak
858.jpg,Class_other
859.jpg,Class_other
86.jpg,Class_slope streak
860.jpg,Class_crater
861.jpg,Class_other
862.jpg,Class_slope streak
863.jpg,Class_other
864.jpg,Class_other
865.jpg,Class_other
866.jpg,Class_crater
867.jpg,Class_crater
868.jpg,Class_bright dune
869.jpg,Class_other
87.jpg,Class_other
870.jpg,Class_other
871.jpg,Class_other
872.jpg,Class_swiss cheese
873.jpg,Class_crater
874.jpg,Class_other
875.jpg,Class_other
876.jpg,Class_other
877.jpg,Class_crater
878.jpg,Class_other
879.jpg,Class_other
88.jpg,Class_swiss cheese
880.jpg,Class_other
881.jpg,Class_crater
882.jpg,Class_other
883.jpg,Class_other
884.jpg,Class_other
885.jpg,Class_other
886.jpg,Class_other
887.jpg,Class_bright dune
888.jpg,Class_other
889.jpg,Class_slope streak
89.jpg,Class_bright dune
890.jpg,Class_other
891.jpg,Class_other
892.jpg,Class_other
893.jpg,Class_other
894.jpg,Class_bright dune
895.jpg,Class_other
896.jpg,Class_bright dune
897.jpg,Class_other
898.jpg,Class_other
899.jpg,Class_other
9.jpg,Class_other
90.jpg,Class_other
900.jpg,Class_dark dune
901.jpg,Class_swiss cheese
902.jpg,Class_other
903.jpg,Class_other
904.jpg,Class_other
905.jpg,Class_other
906.jpg,Class_other
907.jpg,Class_other
908.jpg,Class_other
909.jpg,Class_other
91.jpg,Class_other
910.jpg,Class_other
911.jpg,Class_other
912.jpg,Class_other
913.jpg,Class_other
914.jpg,Class_slope streak
915.jpg,Class_other
916.jpg,Class_other
917.jpg,Class_slope streak
918.jpg,Class_impact ejecta
919.jpg,Class_crater
92.jpg,Class_other
920.jpg,Class_crater
921.jpg,Class_slope streak
922.jpg,Class_swiss cheese
923.jpg,Class_other
924.jpg,Class_other
925.jpg,Class_other
926.jpg,Class_swiss cheese
927.jpg,Class_other
928.jpg,Class_crater
929.jpg,Class_dark dune
93.jpg,Class_other
930.jpg,Class_crater
931.jpg,Class_crater
932.jpg,Class_other
933.jpg,Class_crater
934.jpg,Class_other
935.jpg,Class_crater
936.jpg,Class_slope streak
937.jpg,Class_other
938.jpg,Class_other
939.jpg,Class_other
94.jpg,Class_other
940.jpg,Class_bright dune
941.jpg,Class_other
942.jpg,Class_swiss cheese
943.jpg,Class_other
944.jpg,Class_crater
945.jpg,Class_other
946.jpg,Class_other
947.jpg,Class_other
948.jpg,Class_other
949.jpg,Class_crater
95.jpg,Class_other
950.jpg,Class_other
951.jpg,Class_crater
952.jpg,Class_other
953.jpg,Class_crater
954.jpg,Class_other
955.jpg,Class_other
956.jpg,Class_other
957.jpg,Class_crater
958.jpg,Class_crater
959.jpg,Class_dark dune
96.jpg,Class_other
960.jpg,Class_slope streak
961.jpg,Class_spider
962.jpg,Class_other
963.jpg,Class_crater
964.jpg,Class_crater
965.jpg,Class_other
966.jpg,Class_crater
967.jpg,Class_other
968.jpg,Class_other
969.jpg,Class_other
97.jpg,Class_other
970.jpg,Class_other
971.jpg,Class_other
972.jpg,Class_other
973.jpg,Class_other
974.jpg,Class_slope streak
975.jpg,Class_crater
976.jpg,Class_other
977.jpg,Class_other
978.jpg,Class_other
979.jpg,Class_other
98.jpg,Class_other
980.jpg,Class_other
981.jpg,Class_slope streak
982.jpg,Class_swiss cheese
983.jpg,Class_other
984.jpg,Class_bright dune
985.jpg,Class_crater
986.jpg,Class_slope streak
987.jpg,Class_other
988.jpg,Class_other
989.jpg,Class_other
99.jpg,Class_other
990.jpg,Class_other
991.jpg,Class_other
992.jpg,Class_other
993.jpg,Class_other
994.jpg,Class_other
995.jpg,Class_spider
996.jpg,Class_other
997.jpg,Class_other
998.jpg,Class_bright dune
999.jpg,Class_other
